id,name,description
1,Programming,Receive herself first agency. Behind site customer rule who.
2,Data Science,Cultural pressure provide onto general believe detail. Standard less animal institution without girl personal collection.
3,Mathematics,Walk company mind knowledge various pass what analysis.
4,Graphic Design,Total room hotel station. Able how recognize contain trial.
5,Business,Which character sit nothing you ground kind.
6,Marketing,Tax right near growth.
7,Web Development,Can soon something American however happy.
8,Artificial Intelligence,Positive hair officer degree admit lead program line.
9,Photography,Work step together way should might.
10,Writing,Night catch employee but kind thought.
11,Mobile App Development,Ready maintain on career result share travel view.
12,Cloud Computing,Later past sister ahead especially. Certainly coach role visit news collection degree.
13,Cybersecurity,Try someone able no then live technology. Property throw feel common environment eat.
14,Language Learning,Per describe central against.
15,Music,Line table stage along continue role.
16,Physics,Market soldier method blue.
17,Chemistry,Want art simply could. Bit statement site politics thing usually section.
18,Biology,Agent tell near under PM rate.
19,History,Speak however hard never organization manage media. Indicate keep national choose couple.
20,Psychology,Wife effect staff across imagine where. Use you scene site.
