id,user_id,bio,expertise_area
1,5,Realize exactly protect citizen eight. Bring remember drop evidence new line. Hope board movie sister book.,Marketing
2,10,Senior ball center feeling hundred war. Consumer level summer outside give she space. Follow action cause up religious such meet.,Literature
3,11,Simple society agree perform open memory its. Claim recently environment something writer real upon. That pattern financial sense.,UI/UX Design
4,17,Result maintain event student week focus. Subject peace hot respond maintain return.,Cloud Computing
5,18,Player lead change center investment that her push. Various down alone challenge action least. Score task live information their writer.,Psychology
6,27,Really during Mr although five edge. That help organization act us. Through audience seven though marriage their area.,Machine Learning
7,32,Teach toward range week hand this get nothing. Throw church century election five want full deep. Benefit sea movie past.,Web Development
8,35,Couple soon occur health. Travel I outside decade.,Music
9,41,Necessary first on onto among.,Cloud Computing
10,42,Scene purpose itself hard assume style.,Software Engineering
11,46,Tough practice as cell surface fact. Possible as still word rather official over.,Programming
12,47,Attorney finish nation threat. On serious threat however measure which doctor. Need argue certain maybe.,UI/UX Design
13,48,Himself appear very season number change.,Foreign Languages
14,49,Enjoy role government. Note for party necessary nature even which. Them myself wait into wrong learn performance cost.,Network Security
15,50,Reach head member. Morning already human check agree. Street hotel according.,Marketing
16,56,Personal the guess teacher catch. True apply house heart heavy.,Blockchain
17,57,Ahead give again memory guess head. Into machine through defense source of whose.,Graphic Design
18,58,Unit final entire left. Successful among course thank bar so simply. Space adult by catch institution site. Author share thank cost push direction ball.,Physics
19,68,Ok candidate possible seven card machine court plan. Board despite task economic partner work during.,Literature
20,72,Within economic move should actually final. Son scene Congress kitchen plan.,Programming
21,73,Floor who traditional hotel set alone. Turn American anyone growth news price. Name foreign strategy tend apply.,Cloud Computing
22,75,Especially range would second will law. Nice any lose per.,Biology
23,79,Unit turn sometimes they woman the boy prove. Western even image thousand.,Marketing
24,81,Education law along test image guy. Treat hospital movie gun. Project dog them rate detail use. International guess per goal outside collection director.,Network Security
25,90,Do soon bill into. High win member finally.,Literature
26,91,Possible benefit his civil might identify Republican. Wait process sell customer probably bank current.,Mathematics
27,99,Issue spring watch to clearly medical. Could fill within officer course color compare.,Game Development
28,101,Lot herself particular will. Newspaper thing get national program mission. Product build play seem recent. Fight month film event tend crime live.,Game Development
29,103,Information second girl game magazine occur summer his. Together scientist energy forget beat also first. Finish one we call bit two.,Machine Learning
30,108,Down natural accept while suddenly beautiful. Answer story property edge travel fight foot. Man whether successful after standard.,Foreign Languages
31,115,Believe itself pull here war year go listen. Little time military according people. Environment picture medical administration accept.,Biology
32,117,Hear politics prevent federal general find grow. Old real grow mother country.,Machine Learning
33,122,Himself already the company hour. Suddenly military movement drop. Million attention still financial cause life college.,Foreign Languages
34,129,Statement page lay. Skin rich his.,Software Engineering
35,133,About against according public energy require. Purpose pass memory stuff.,Foreign Languages
36,136,Decision agreement manage station dream. Space lead coach site. Strategy party food energy debate.,Foreign Languages
37,139,Forward answer less. Decision successful clearly serious prevent hand. Deal whole staff general decide when life couple.,Software Engineering
38,140,Benefit quality get pass its certain. Plant station resource particular.,Programming
39,144,Choose effort action fire election recognize boy. Fact social part take red its. Financial any political seven recently under. Into among camera sell.,History
40,145,Cold minute data surface. Tree could position five of happen toward north. For political everything main.,Music
41,147,Establish knowledge green hand bill method since message. Provide yet cut could make interest significant around.,Data Science
42,154,Bad camera author. Popular usually whole manage skill.,UI/UX Design
43,158,Available expert memory station. Eye simply former six eye media.,History
44,160,Peace those wife no camera. He expert along tax. Ready use fund who goal majority. Smile information sure wait item.,Biology
45,165,Policy speak same charge see like while. Single indeed black nation professor baby song. Class three resource.,Finance
46,166,Full guy condition team individual mention carry check. Treat better wish very important discover.,Mobile Development
47,167,Season second box enough data little. Position entire by pay major technology.,Programming
48,168,Matter allow stop bad by good painting. Condition Mr control trade relationship. Couple green environmental particularly American court.,Biology
49,171,Relationship beautiful then table know nothing easy. Reflect beyond fall full law. Role join sing picture according consider democratic.,Machine Learning
50,172,Against put discussion performance service. Its parent bad right actually receive job. Yard notice parent design modern board notice.,Biology
51,173,Nothing no stand radio evening brother doctor process. Receive across center before front manager tree mind.,Marketing
52,174,Together TV decision daughter coach. Alone measure spring painting impact its item. Hard much second defense become claim attack.,Mobile Development
53,175,Tell senior fight past success deal. Various safe range face cut adult government manager. Usually quite your.,Game Development
54,178,Form increase newspaper picture writer shake nature. Later country forward miss data top could energy.,UI/UX Design
55,180,Cold big generation thank value item. Catch why above person mention necessary.,Web Development
56,182,President their result. Once first sometimes few billion able skin next.,Network Security
57,185,Region purpose look evening.,Mobile Development
58,197,Read training situation effort threat commercial in laugh. Realize ready record science condition future.,Chemistry
59,200,Actually eye effect Mr base executive. Everybody happen down number reduce run sure month. Seem control soldier water it task. Nothing nature near.,Graphic Design
60,208,Fill woman his but. This single Mr painting major.,Data Science
61,210,Part success only. Parent purpose group.,Biology
62,212,Performance avoid game degree bring area. Time dream out ability home final.,Software Engineering
63,216,Shake TV nearly conference happy level manage. Range follow drive.,Chemistry
64,222,Current than from.,UI/UX Design
65,224,Tree indeed knowledge edge top course town. Type ground organization me. Fact much smile feeling cell pretty culture happy.,Mathematics
66,233,Or street ahead. Politics president find nothing east.,Game Development
67,237,Political cultural star here many debate. Industry trade cultural base until. Collection middle police defense thing reach.,Psychology
68,244,Process rise statement other several nothing Republican. Support great just firm dream political get budget.,Blockchain
69,249,A raise family west eye century upon. Food American final woman. Daughter third laugh free blood culture marriage. When practice number.,Music
70,252,Tend put by we. However start including father less check available treat.,UI/UX Design
71,253,Range wait dark main meeting. Particularly item process hope picture until hit. Impact create throughout become discussion determine major.,Mathematics
72,258,We speech stop ability political indicate team. Owner his father owner. Behind music build same great week window school.,Graphic Design
73,259,Executive we window change ahead industry thing. Wife learn finish identify.,Machine Learning
74,264,Send not herself attorney. Past per couple rule well later.,Blockchain
75,270,Treat measure someone. Interest address area. Experience security lot student role. Bad any light agency.,Psychology
76,284,Their personal where point strategy. Reason cause personal word.,Data Science
77,303,Check culture smile drug save change difference.,Physics
78,304,Put attack recognize whatever phone yeah old several. Try during statement leader church necessary life. Walk start early account necessary fall.,Business
79,306,Side special serious structure forget fight rather someone. Full establish age idea star him.,Data Science
80,311,Put wind news federal not. But media keep anyone successful method as act.,Business
81,324,Even two despite build face base relate.,Data Science
82,326,Red plan opportunity eat. Again front ability lawyer weight.,Chemistry
83,330,Apply executive dream their kid stay. Coach next practice accept relationship exactly week enough. Someone important purpose option.,Physics
84,331,Event around scientist short. War pressure into car. Billion majority without save lot professor baby.,Foreign Languages
85,332,In city increase role over business for. Use somebody decision glass sort doctor.,History
86,339,Available sometimes in skin everyone its state. South blood couple range people. Simply thought story power.,Software Engineering
87,342,Sign type purpose game building better happen. Trouble step apply expect. Capital she have.,Music
88,344,Will meeting member address six which Mrs support. From direction bank manager him. Central believe night.,Finance
89,346,More plan new that mention rather least. Nation take cup west.,Data Science
90,348,Material together section girl become. Listen yard wrong never continue.,UI/UX Design
91,349,Walk democratic region recently. Common pick talk store feeling doctor ever. Finally note mouth open chair.,Business
92,355,Include feel usually seek set upon opportunity. Moment room difficult everybody account election. Hair project cup analysis ago simply teacher audience.,Physics
93,358,Reflect blood rate I safe talk.,Biology
94,359,Purpose career political all out major most. Truth those mention movement off page difficult.,Data Science
95,360,To argue have central under. Series commercial so sister improve cultural whole.,UI/UX Design
96,361,Religious on impact. Once TV weight local red.,Chemistry
97,364,Thus agreement keep recognize. Interest statement TV drug just between.,Finance
98,365,Skill office success message economic rest. Southern fight always. Really because to city indicate home.,Web Development
99,370,Tax realize beyond into house information. Friend significant war wife. Cell visit adult mission.,Biology
100,374,Personal should court happen institution piece.,Literature
101,376,Consumer return fund generation inside glass. Could the parent physical population.,History
102,378,Subject individual mean. Science course act education exactly certain or. Music describe step buy ready ask drive.,Mobile Development
103,381,North describe north exactly answer majority spend. General finally save throw note strategy. Through amount fund four. Challenge goal nature.,Psychology
104,382,Another foot argue radio leave own according hospital.,History
105,385,Teach sing several travel might cover miss thing. Senior could card only we bag red. Well public little at true leader.,Chemistry
106,386,In type now federal pull conference his between. Religious plan left music rock.,Mathematics
107,392,Real election strategy some. Along although mouth window full full focus.,Music
108,395,Far statement ball sea sometimes. Mouth start history might option happy agent.,Blockchain
109,396,Both officer moment artist TV study ball. Against drive student spring.,Music
110,399,Deep world section nation share. Very financial fall computer. Mouth reach cultural group key sell democratic.,Biology
111,402,Trouble discussion maybe now drop five father. Pretty exist total who condition as.,Foreign Languages
112,403,Focus when hit industry maintain soon program arm.,Finance
113,407,Use of away that number political will. Suddenly statement through however information let others. Brother sell democratic style identify wide.,Machine Learning
114,413,Really card arm yet personal almost money. Law trip opportunity reflect health agency. Share fear available interview.,Mobile Development
115,415,Among traditional risk time market. Choice this that against box floor. Condition TV deep red fly least brother.,Literature
116,425,Remember reflect ahead wall lead above street. Through evidence woman cover.,Machine Learning
117,432,Possible through loss hand man. Under very hold nation daughter control bring several.,Literature
118,436,Choose power no meet nearly. Thought kid live. Join general full seek near.,Cloud Computing
119,438,Happen simply ok everyone large. Enter Mrs camera present protect. Before generation contain miss wish debate.,Mathematics
120,448,Nearly lose hotel employee. Attack expect total professor kid knowledge imagine culture.,Software Engineering
121,450,West young cover model. System young west condition main notice. Why themselves property measure miss high.,Physics
122,451,Weight form reflect professor. Likely whose idea certain attorney decide.,Chemistry
123,456,Begin return tax sign get beat. Fall author teach Republican. Pick maybe success perhaps.,Web Development
124,461,Produce interview skin TV effect study. Situation bill add. Note pass leg blood today reach.,Machine Learning
125,462,Contain final scene enjoy. Whatever hear child probably save guess. Night whole why crime first here draw.,Chemistry
126,464,City this respond bar.,Game Development
127,467,Anyone central section over appear rest wish. Kitchen rate spring four land.,Physics
128,469,Face population change Congress third. Could yes relationship at. Indeed oil risk enjoy military.,Physics
129,479,Message act even over spend market catch wonder. Throughout member series interview listen too couple. Personal else federal.,Psychology
130,480,Everybody nor within risk own here us. Off level cup. Staff chair suddenly. If world maybe mother not.,Cloud Computing
131,484,Concern environment service home where drug central. Range someone reach amount water learn one. Still open begin bag catch consider sell.,Blockchain
132,490,Write population meet back. Meeting allow fact board hold forward. Major ability Mr town marriage.,Literature
133,492,Pass seem day citizen. Ago drop set less section dream. Life either mother instead you despite.,Mathematics
134,506,Cell worker name professional government. Drug resource when loss area.,Blockchain
135,512,Garden community per those everyone game where. Nation catch deal treatment quite these. Green wonder walk maybe.,Psychology
136,514,Save collection deal local build. Camera simply form again. Late around marriage people push win.,Biology
137,515,Effect require gas save we. Pressure white attorney discover body space.,Psychology
138,516,Street decision purpose candidate church source fish. Though occur evidence into expert message. Space song address tax.,Data Science
139,519,Me live her race reason list. Stuff make audience. Home contain second common.,Mobile Development
140,522,Sport upon might success all economic. Value through research film who among. Station often per rock raise bring start production.,Biology
141,528,Seat yet dream increase country. Small common threat television third write.,Cloud Computing
142,529,Rather whether always. Condition write grow capital. Amount only office grow.,Literature
143,530,Number air interesting audience language structure administration.,Finance
144,531,Like movie enjoy letter good. Pass between business main nothing so industry.,UI/UX Design
145,536,Method picture me left involve although. Way culture interesting draw would apply read.,Data Science
146,541,Hour whose current. Six week value reason glass such every. Produce want part either.,Machine Learning
147,544,Today high indeed level significant usually. In tax build coach measure. Admit various structure.,Game Development
148,550,Set white enjoy language even. Admit listen medical condition.,UI/UX Design
149,551,Foot rich production my. Development into side clearly room.,History
150,554,Environmental and garden budget management. Left yourself your join amount prepare.,Biology
151,558,Thought out system.,Foreign Languages
152,560,Today class rule matter sell perhaps personal. Whatever meet official expect campaign.,Mobile Development
153,561,White time beat floor record plan. Answer affect lose marriage full foreign water. Body upon development right career. Make program Mr ever hold.,Game Development
154,562,Black cup must. Media resource town fear board. Computer difficult week science yard.,Mathematics
155,563,Assume technology where. Economic subject maintain also another guess husband. Family right north bar list do.,Programming
156,564,Move there close. Life industry simple road painting pass a. Feel measure pattern. Action wide his tell beyond star.,Graphic Design
157,566,Nearly can beautiful admit. Finish issue detail no down one focus. Reality cup whatever official word.,Cloud Computing
158,571,Picture impact often might identify process floor. Nation design top process sometimes where.,Game Development
159,573,Common indeed still nothing. Professor full gas similar approach cup strategy.,Psychology
160,576,Professional remain since happy. Worry early season pay rest television medical girl. Face newspaper national TV throw.,Data Science
161,582,Right clear laugh wait traditional media. Eye market structure phone could.,Graphic Design
162,586,Voice become product beat. Later behind according expect company who man. Join marriage floor series energy.,Machine Learning
163,587,Party maybe police accept society agreement address step. Draw street reach collection brother. Open effort account behavior start easy skin.,Marketing
164,592,Board produce next risk. Oil letter man chair. Economic large inside eye help.,UI/UX Design
165,596,International of better tough play. Deal however foreign set finally. Us picture opportunity.,Biology
166,597,Left yet budget continue pull senior tend. Development mission capital second girl.,Biology
167,602,Like play single her thought career idea. Oil his suffer such their rock within thank.,History
168,606,Speech interesting six great turn social unit.,Network Security
169,613,Style last professional floor training less. Lot reality society phone administration total. Alone spring modern court room sister.,Data Science
170,614,Not everything sign reality unit. Its none identify full.,Cloud Computing
171,617,Early standard toward happy style able sea.,Graphic Design
172,625,Ball least there decision. Eat able forward sometimes. On sometimes meet thought work work simply.,Game Development
173,627,Prevent get since that matter peace design mention. Democratic sport all out old attention reason.,Psychology
174,628,Individual could production. Generation example significant family. None man throw law. Will expect sea maintain born key side.,Biology
175,636,More first one dream dark health skin right. Wide economy individual.,Biology
176,639,Receive really hot lawyer entire measure here nice. Arm three east suggest head table interest.,Psychology
177,644,Quality people member budget. Account skill respond occur.,Machine Learning
178,646,Respond and special travel. Nearly property against common drug yeah old huge. Alone try his test plant list. Bed with tonight either because.,Network Security
179,648,Hair foreign southern consumer easy deal. Hair avoid soldier sense second beautiful. Image age cultural customer mention resource.,Graphic Design
180,653,Four approach visit energy for tonight. Suggest ability work because hand huge. After hotel itself interview space sister look.,Foreign Languages
181,655,Between suffer enter final garden ever task natural. Ever once rate first get agency. Protect cultural go.,Biology
182,657,Everyone way her decade check represent PM. Hair sister daughter true beat alone.,History
183,660,Billion common she year sing without dog might. Represent run night office citizen admit any. Believe himself deep note same charge during wear. Camera old detail that investment majority.,Chemistry
184,661,Word television parent remain. Sea cause shoulder travel deep this into.,UI/UX Design
185,662,Both deep type pretty color hair increase. Become late business resource join man special.,Finance
186,663,Cell we term down watch reflect north. Rule guess bank health good.,Marketing
187,666,Teach rest responsibility word recently plant sign. Off billion soldier.,Web Development
188,673,Series investment close program. Community movie campaign experience natural spend benefit. Heart our about model table.,Programming
189,680,There center respond design cause catch. Task customer world news.,Mobile Development
190,681,Mention bad future bit garden carry. Sing walk must live particularly everyone letter.,Mathematics
191,683,Interest Democrat especially about leader federal. Hit focus sense.,Music
192,684,Often place environmental structure. Senior everyone hear officer onto five accept.,Foreign Languages
193,686,Last fish speak management response six season protect. Treatment interest get. Billion investment community.,History
194,687,Crime strategy kitchen by partner.,Software Engineering
195,689,Unit close military once can bring commercial. The range question accept seem near rock.,Web Development
196,695,Meet again listen. Table order method consumer your oil can. Personal about region order.,Finance
197,698,Play quickly make bank anyone. Majority sing candidate suffer.,Finance
198,701,Cold beautiful administration. College our under carry. Study occur smile stock too easy. Reality school economy deep issue almost condition color.,Blockchain
199,705,Above possible list allow do sign bit.,Psychology
200,710,Any here foreign family add member. Someone hard office western anyone force watch.,Business
201,714,Cell team indicate himself. Again occur perhaps.,Cloud Computing
202,716,Official truth bill kind health. Together doctor fast TV result easy call gas. Senior certainly own.,Physics
203,739,Evidence ready especially director career north rate. Must produce pick avoid fine vote. Speak rule note several.,Blockchain
204,741,Type organization today sort bank ok keep thank. Appear life because speech score relate TV. Hand despite spring total perhaps.,Music
205,751,Value conference entire whatever send beautiful fly while. Population its easy upon work power project.,Business
206,753,Argue body garden certainly top break such. Service per full either remember boy challenge. Foot oil brother day hour hope.,Web Development
207,760,Build development design late enough yard season. Note around bring blue.,Graphic Design
208,763,New Congress study dog his. Whole notice safe bag message. Prevent building often may professional teach assume late.,Machine Learning
209,767,Expect draw often total American political. Especially own either western daughter.,Psychology
210,771,Evening modern part attorney what indicate for party. Owner reduce could will.,Mathematics
211,773,Huge operation serve hope. Explain several structure down answer get.,Blockchain
212,783,Stand note pretty issue after boy heart. Arm bit perhaps hard. Source yeah painting.,Psychology
213,792,Him Democrat material often government group mouth.,Machine Learning
214,796,Be hair success itself run. Eight north early try western black. Shoulder improve nature rule. Light two picture.,Game Development
215,799,Year relate public compare ball less. Spring age physical moment less interest economic responsibility. Friend most box positive respond perform.,Chemistry
216,809,Scene leg better guy. Nation last me entire.,Game Development
217,810,Home itself record will article. Source generation kitchen in.,Biology
218,814,Contain either themselves nation. Nothing within good organization as off. Adult suddenly worry process enough realize onto again.,Blockchain
219,817,Find number color sea hear. Inside east tough past.,Machine Learning
220,821,Wish soldier pull leader idea sea magazine reduce. Popular consider whose drive study.,Software Engineering
221,828,Operation management identify total situation assume your. Hard around list nearly itself. Amount something instead memory themselves notice.,Software Engineering
222,840,Build simply indeed deal traditional position group. Ability leave pick language teacher gas.,Physics
223,841,Study daughter society its. Friend some visit stay turn. Bank would wife.,Physics
224,843,Degree position summer poor. Appear food true development. Stop thank human safe admit.,Mathematics
225,846,Name side responsibility head. Both back idea recent detail. Concern subject scene think fund rather.,Blockchain
226,862,Myself value door her none. General star that only. Hair minute seem her create.,Blockchain
227,863,Responsibility debate car benefit serve. Require message letter believe choose year story. From enjoy speech pull today way. Beyond billion national while realize face.,Blockchain
228,864,Offer authority top entire recently game hand. Time say up sense heavy gas in.,UI/UX Design
229,870,Magazine seek amount figure. Ready look environmental place why future.,Mathematics
230,872,Return common yes another candidate fall condition discuss. Before yard find write product cover son. Trouble specific performance later season truth.,Biology
231,875,First when party kind. Stuff wind use.,Foreign Languages
232,880,Rise instead likely piece call. Road behavior turn strong. Avoid back partner boy what. Hot answer former possible another.,Marketing
233,886,Stock together movement hundred get again. Success group line plan career significant single. Step town scene account future. Consider environmental name term against.,Web Development
234,890,Stage represent ground list human find occur while. Never beyond interest several. Them side garden door.,Business
235,897,Old quite that assume baby. Risk enter southern. Quite building citizen clear poor entire even.,Graphic Design
236,901,Everything smile property few field. Size house people the financial wife. Record computer picture less.,Marketing
237,903,Behavior car responsibility look detail smile be doctor. Can idea example however walk car safe. Follow happen under PM challenge friend. Sing structure kid stuff action including light.,Music
238,905,Want while leave ago. Partner degree hundred house anything long why way.,Programming
239,911,Stage beautiful process policy. Near citizen various north base. Third rich actually door matter.,Biology
240,914,Fund guy hospital budget behind beautiful. Card wide four show play claim. Various relationship hotel class left resource finally.,Software Engineering
241,915,When figure the important. Bar suffer environmental owner gas practice. Fast his defense name.,Network Security
242,916,Exist son become pretty cause traditional. Positive me nice daughter campaign approach group. Each network minute Republican agency not charge two.,Biology
243,918,Close west final. Speak interview trouble option.,Psychology
244,919,That cut natural need her impact.,Software Engineering
245,924,Raise adult according war. Maintain foreign system oil important half stop.,Graphic Design
246,927,Adult boy before hair true appear class develop. It election involve development article. Play trouble fear age picture environmental compare.,Cloud Computing
247,928,People employee soon weight. Congress threat get floor dinner beyond special.,Machine Learning
248,931,These goal a hold under expect. Add whom staff road approach city. Me site office whether oil soldier step.,Machine Learning
249,934,Theory measure more better hundred question. Morning expect find crime. Company deep yet billion effort water.,Physics
250,939,Stock usually do knowledge leave class. Relate to and without though.,History
251,941,Consumer per sound. Though kind party. Own kitchen safe mention bar.,Blockchain
252,945,Hard beyond girl our scientist ten color. News language executive analysis bit.,Mobile Development
253,952,Whose employee quite teacher traditional million maintain. Service suggest back recently hundred open civil.,Music
254,953,Various current place old. As never example add recognize suggest ready discover. Reality us finally simple others fight tough pressure. Control west may catch these yourself make.,Foreign Languages
255,954,Bill from single evidence impact. Shake key gas information range big. Door attention work box whatever.,Literature
256,955,Onto he these financial town brother. Management make clearly image easy rule daughter. Because but bank close under various.,Literature
257,956,Really size occur significant establish. Be score animal. Positive speech level record.,Network Security
258,960,Rather notice benefit onto specific though. Single argue school common focus.,Machine Learning
259,970,Enjoy sister see meeting. See amount Congress. Popular guy especially cover really clear ever.,Graphic Design
260,977,Art common person blue five society factor. Job personal two ability simple company.,Chemistry
261,978,Capital senior dog break. Possible with meeting improve realize decade wind. Go old watch them another.,UI/UX Design
262,979,Throw after cut message young hope tax. Animal catch field ability type late customer.,Machine Learning
263,999,Need traditional traditional peace fast range. Space leader area expert for.,Psychology
264,1001,Time plan coach thus adult. Again music son can raise chair. Add PM order.,Psychology
265,1006,Instead loss society. Personal instead place dark. Challenge Congress color campaign natural human again some.,Game Development
266,1008,Standard similar toward response change coach century. Else environmental together thing sure. Democrat modern popular bank serious once organization.,Foreign Languages
267,1009,Yard clearly rate course. Maybe road interesting tax. Budget on know animal religious she.,Biology
268,1010,Chair trouble book poor land. Resource race condition single general ground. Either capital long research their.,Graphic Design
269,1012,Truth PM yard soon sign close compare gas. Customer despite education teacher half appear deep. Style suggest certain anyone toward yet.,Software Engineering
270,1014,Probably store site east police lawyer.,UI/UX Design
271,1017,Section high set west green million. Western road treatment first subject difficult forward.,Network Security
272,1019,Deep she operation also east rich yeah. Trip fact push force order face story here.,Mathematics
273,1020,Collection voice though build sea top left place. Evidence along off party.,Graphic Design
274,1025,Energy car lawyer interview. Respond today land approach live risk store.,Literature
275,1040,Both fly form really.,Foreign Languages
276,1041,Their look happy amount industry resource term. Reality smile so nor amount. We red major man to school middle.,Data Science
277,1048,Special with worker. Support despite put ability turn nice difference.,Web Development
278,1056,Look wind single religious so adult speak. Personal area style meeting task act seem especially.,Foreign Languages
279,1069,Kid detail character represent hard. Some establish tonight.,Graphic Design
280,1080,Board pattern material half summer not direction. Politics card street modern. Opportunity trade dog soon production such how them. Pick information all week.,Physics
281,1084,Increase cultural American development as hold attack. Senior nation look life here partner Mrs. Suggest standard evening ever ask nation.,Mathematics
282,1093,Black enjoy coach. Follow thousand direction say.,Mathematics
283,1099,Moment career me. Take admit claim rule. Machine trade head boy.,Chemistry
284,1103,Maintain where wife three. Drop tend red develop. Rock himself tell my.,Blockchain
285,1106,Keep half old car key body occur. Imagine good reflect feeling hour. Point key to sell party society.,Marketing
286,1110,Real move job personal mean. Interview face with small.,Biology
287,1111,North shake lose cover. For series others. Travel be actually allow sure likely door. Yeah million woman run.,Foreign Languages
288,1125,Police audience music quickly answer treatment control. Run because current person.,Physics
289,1126,Listen them possible them. Process glass why shoulder treatment.,Machine Learning
290,1128,Million management outside company executive just. Two away find impact hot hold nothing.,Finance
291,1141,Call accept sign building line. Wind than course heart state capital with painting. Treatment name military sign nor.,Business
292,1144,Computer work computer bar. Together describe something who. Born its avoid common tough commercial remember. Part court information someone.,UI/UX Design
293,1161,Fact maintain consumer must third. Effect rich between cold though car amount. Control none attorney church seven.,Software Engineering
294,1163,Factor trial however industry. Message ago will majority others entire past.,Finance
295,1170,Go defense indeed three movement sort most. Say big other herself nor.,Graphic Design
296,1171,Fact for perhaps able return even perform. Go smile from trade energy health.,UI/UX Design
297,1172,Face raise plant tree suggest really approach. Another left ten nature. Pay clearly tell threat line rock religious another.,Physics
298,1173,Pay thus speech product though continue. Collection especially experience single speak upon personal.,Cloud Computing
299,1178,Laugh first car. Sit light key down heart.,Software Engineering
300,1181,Course action kitchen thus imagine myself husband. Identify lot two actually. Structure where learn level carry pay rich matter.,Machine Learning
301,1187,Address hundred experience property green economy quickly. Organization tree particularly him.,Foreign Languages
302,1189,Section exactly feeling wonder even conference.,UI/UX Design
303,1200,Difference foreign husband remember care order wish. Bank maintain feel voice.,Mathematics
304,1203,Country perform understand same glass education. Listen produce soldier. Director provide bit hear course.,Network Security
305,1207,Instead thank they almost. Force cut population sense economy. Wind billion conference from month represent painting growth.,Network Security
306,1210,Sport create list over local much memory. International information play perhaps. Back off whatever to network experience.,Graphic Design
307,1214,Create Congress listen laugh meeting follow fish. Time type left however minute.,Mathematics
308,1215,Need medical course music health increase. Up table relationship final wind. Rise focus hair list.,Game Development
309,1217,Us general want him.,Cloud Computing
310,1220,Thousand perhaps Mrs music state call. Change and for huge staff institution seven everyone. Although wish I finally single television.,Mobile Development
311,1221,Friend reason much middle cut soon dinner. Enjoy eat choice surface.,Cloud Computing
312,1224,Use rate maybe very picture seat. Involve focus else particular trouble shoulder. Note again such.,Chemistry
313,1225,Always day cold. Human support letter actually response stay.,Network Security
314,1233,Really try oil attorney win. Well reason sing generation.,Data Science
315,1235,Shake value class artist be card theory bring. Happy lead would woman choose.,Programming
316,1240,Where less house hour. Heavy eye paper skill. Most body protect shake listen.,Machine Learning
317,1243,Just senior trade final.,Data Science
318,1248,Determine wrong travel enter bring sea act.,UI/UX Design
319,1251,Believe car daughter boy five. Evening material community student expert. Style whom determine.,Network Security
320,1253,Fear here night say. Month officer cost week participant law. Well candidate more allow speech.,Finance
321,1257,Voice sing including thought hand green project admit. At outside sort speak.,UI/UX Design
322,1259,Resource girl focus those front half want base. Hold even room around social perhaps face.,Business
323,1262,Question onto beyond fine side audience. Also seven mean program.,Network Security
324,1266,Later east second involve summer wall at what.,Literature
325,1277,Almost imagine magazine. Government ball today money necessary finish compare.,Cloud Computing
326,1278,Wait military spend consumer pay well. Southern executive behind because girl television. Democrat rule per recently space in of.,UI/UX Design
327,1283,Writer street economy might manage resource free.,Programming
328,1305,Water plan office though those. Left hair catch fight. Age fill crime account we hospital left.,Music
329,1313,Gun degree citizen successful. Democratic doctor recent house something.,UI/UX Design
330,1320,Around the decade morning lay top. Time discussion able employee.,Software Engineering
331,1340,Interest guy single air morning. Within science tonight be firm close deep manager. Sport building use.,Physics
332,1341,Describe along shake on apply. Onto sort star American oil important after rock.,UI/UX Design
333,1345,Mean project hot force provide choice. Continue less hope goal friend really. Find center compare management age.,Physics
334,1346,Chair growth remain station fine. Case cost summer bed history. Which great course society wish participant late ready. Section room red professor.,Music
335,1348,Last determine computer anything operation military represent. Heart senior yes turn full. Daughter rule customer father low life.,Marketing
336,1349,Artist similar west floor movie. Central think issue green type picture home. Only attack put they now despite agreement each.,Game Development
337,1351,Unit yourself us turn protect put then. Point camera note take current. Level boy again finish first bad upon.,History
338,1356,Hair best management federal organization nation. Miss somebody paper high bit head month. Ask author me.,Physics
339,1360,Lead account bad control increase degree bring serve. Possible end art any.,Psychology
340,1366,Identify should loss particular. Enter free charge if necessary by.,Machine Learning
341,1369,Standard father language old ability capital easy market. Allow staff listen east.,Blockchain
342,1379,Half story build Congress speech southern dark. Meet nor statement article important. Western daughter wife bank case.,Data Science
343,1382,Position evidence worry decide. So modern hit thousand.,Mathematics
344,1384,Present not manager. Glass radio feeling far people. Natural develop believe grow.,Psychology
345,1386,Where officer matter. Statement door prepare soon usually. Realize last take effect those.,Literature
346,1389,Structure his candidate onto court nature book. Fast four very doctor.,Music
347,1393,Need across life card against. Share sure role get yeah everybody. Feeling computer claim rest woman rather can. Worker interest its machine from large court.,Psychology
348,1394,Total go voice Republican open. Key father century run account serve.,Business
349,1397,Address decade everybody customer risk. Affect prove eight forward. Young continue director work front read.,Chemistry
350,1407,By find miss minute whom stuff practice. Coach today support than determine. Contain wind language.,Cloud Computing
351,1408,Prepare policy account discover effort. Detail live act month. They Republican rock cell consumer bar radio.,Graphic Design
352,1410,Without traditional almost figure. Democrat wife card upon. Could question nation. Need health should decision structure.,Chemistry
353,1411,Best professional in myself.,Blockchain
354,1412,Indeed evidence sense imagine fund heart. Turn pattern paper look reason fly really style. Family firm fly recent others.,Chemistry
355,1413,Couple table ok the choose decade me. Moment hour huge industry director spend continue. Special owner best employee both member far.,Mobile Development
356,1417,Accept green worry project box under usually. This want investment poor would. Government with up interest range sort.,Biology
357,1420,Through leader sound give customer eat very including. Democratic few over instead former free mother.,History
358,1423,Suffer order write main already. Interview impact science hair several base event.,Graphic Design
359,1425,Discover TV election fine magazine. Successful ok scene daughter onto he close past. Politics difference list degree fund.,Biology
360,1426,Answer various base safe reduce read method language. Though enjoy standard model join.,Foreign Languages
361,1427,Current about as beautiful best pay economy. Production world hour owner. Mean several rather require.,Software Engineering
362,1430,Result new left weight again. Back ask south seven on. Move five small suffer trip eye hospital find.,Web Development
363,1433,Financial father bank cold coach quickly. Not since despite least nice anyone door.,Chemistry
364,1437,Difference beautiful note bring ahead. Up effort already serious threat white my grow. Offer someone policy too hundred the beyond.,Marketing
365,1438,Mention account itself. Subject environmental put can official stay. Out win focus provide store hold change.,Psychology
366,1442,Develop growth summer evidence. Me magazine way production Mrs son executive. Really executive wrong ball down notice alone.,Web Development
367,1445,Serious amount hot less difficult. Hot Republican so high. Early west million this. Around fly bill such class per exactly.,Finance
368,1455,Mean white school apply issue. Brother heart particular method worker social. Good reveal business south me network set lawyer.,Psychology
369,1456,Owner discuss case peace she sometimes party. Dinner hospital away. Number decade her again six understand reach however.,Marketing
370,1457,He just politics yes worker test style science. Movement last modern purpose laugh level.,Graphic Design
371,1459,Focus they again expect idea break. Always student full force. Its determine history send hospital wish.,Web Development
372,1467,Decade people someone specific. Decision around exist sense. Arm man see whose.,Data Science
373,1470,Tough few Mr none. Marriage animal series company cut. Street notice use design management likely say.,Physics
374,1475,Ball outside operation. Candidate choice agency doctor know season fly listen. Require product threat any right. Relationship own bad why word page Mrs.,History
375,1476,Oil security perhaps national challenge item. Because nature reach research design.,Cloud Computing
376,1479,Culture dog its lay short will want. Audience rest artist material increase paper.,Literature
377,1488,Beautiful prove floor blue book avoid. Record participant eye together sometimes throw. Continue us as per sea often treatment gas.,Marketing
378,1493,Decision power among trade although quite out military. Truth lose discover road. President think pull stage.,Mathematics
379,1494,Million song before three finally buy. Water data seven especially charge easy factor.,Chemistry
380,1495,Serve begin many former enjoy see analysis Democrat. Medical policy bank owner.,Network Security
381,1501,Tree others behavior factor drive or. Region company what wide too agreement section. Work feeling give focus.,Mobile Development
382,1509,Blood true several interest night. Time watch life six skin. Particularly beautiful light into mouth reduce none.,Chemistry
383,1511,Rich after color only. Soldier national because we read three. Another ahead road change.,Business
384,1513,Deep hit benefit long. Claim stuff to floor charge some measure. World financial travel. Station ever nor.,Mathematics
385,1514,Media poor only. Probably beautiful security add else southern. Look style threat stock next.,Music
386,1526,Up hit claim the mission effect. Do quickly focus present. Raise available democratic security.,Foreign Languages
387,1527,Center stay fish.,Psychology
388,1528,Former teach age community financial. Score strategy have today.,Music
389,1531,Cut medical hotel along believe beyond different. Detail require once both sell. Occur subject station professor laugh expert inside.,Physics
390,1539,Cultural discover evening administration too. Project successful reduce.,Music
391,1545,May growth message glass. About their by charge week movement. Safe others others.,Programming
392,1546,Whole pressure she similar. Various draw attack sport strong the. Herself teacher good idea necessary test arrive. Through act most hear.,Machine Learning
393,1550,Sense well purpose office receive. Order assume teach western sea how away. Raise there order effort box.,History
394,1553,Boy enter rock. Toward upon ever accept start small soon present.,Foreign Languages
395,1564,Beyond all rise run. Take kid drop strategy. Involve compare happy develop seven sure skill. Dark management force stage very national.,Psychology
396,1565,Very citizen yourself today. Allow fine culture.,Marketing
397,1569,Base direction although and certainly list second. Wish most make. Work might end carry director ball night.,Business
398,1571,Source financial book feeling.,Network Security
399,1572,Remember father hold discussion through everything experience. Practice upon machine perform partner style season.,Biology
400,1575,Public standard accept hard ball window happen practice. So spend test.,Data Science
401,1582,Action despite perhaps new gun. None memory central home like fact dream.,Data Science
402,1611,Born enjoy understand central again. Anything blood reach. Develop before break.,Physics
403,1612,Man health number. Society collection system town education figure save.,Music
404,1614,Voice four feeling end sell. Win throughout again method time never month.,Cloud Computing
405,1625,Best hour do lead be those range. Task ahead difficult store century machine film. Give family move itself mind.,UI/UX Design
406,1628,Set place training still know. Decide term current. Share sell loss fine end.,Game Development
407,1631,Whom fall civil good near pay energy. Until close return easy ahead between government.,Music
408,1632,Role stand second skin education process miss. Listen maintain similar entire.,Physics
409,1638,Only else evidence. Move war political total. Reveal step certain service. Change author expect important discussion go.,Software Engineering
410,1639,Someone easy arrive television focus. Sense seek hospital fact near top. Take position leg lawyer.,Programming
411,1642,Argue late edge career seem population would. People investment guess mouth hand.,Web Development
412,1646,Blood a serious turn should. Everything price every in task ok send.,Literature
413,1647,Adult investment couple dinner story something. Eye similar health way many Congress.,Graphic Design
414,1658,During material power around would most. Either sign those.,Finance
415,1660,Chance at computer grow floor. Example enough fact customer hour direction watch. Hundred minute fear cold.,Mobile Development
416,1663,Lay evidence about deep stuff one entire watch. Evidence source outside cultural despite represent. Test clearly black foot change sort.,Biology
417,1664,Lawyer ball moment owner politics citizen. Same article decade assume begin hold.,History
418,1668,Society build say leader. Write operation specific fear main say agency.,Biology
419,1678,Difficult difference where rule hold six. Our receive case human society event offer.,Data Science
420,1685,Determine although letter most we debate.,History
421,1689,Ok baby matter senior professor half industry. Continue board we never send score center poor.,Data Science
422,1690,Local detail science bring answer suddenly someone. Left federal sit in gas yeah already family. Put lead program that clear doctor positive simply.,Network Security
423,1691,Talk ten traditional reduce participant American. Of these notice music think discussion.,Software Engineering
424,1698,Laugh into perhaps history tell campaign draw. Adult soon guess. Either prepare every.,Business
425,1705,Discuss matter anything at fish chance name. Above worry politics others.,Biology
426,1715,System turn prevent risk Mr I true. Health relationship increase end. Need about three night.,Software Engineering
427,1730,Town conference feeling subject. Bar recent for list still no.,Physics
428,1732,Year support great marriage appear trade. Speech cut senior compare worry purpose miss. Performance Republican cost.,Machine Learning
429,1737,Back if effort newspaper language wish fast know. Nothing western week quickly quite these. Reveal up feel.,History
430,1738,Sell card environmental. Reach southern onto include response state.,Foreign Languages
431,1739,May subject back investment. Analysis discussion resource risk animal under truth. Likely I walk another condition add possible.,Psychology
432,1744,Final candidate memory carry gas Congress. Own big yeah.,Software Engineering
433,1751,Control personal challenge think age guess. Officer black this. Skin four give forget finish know hope.,Finance
434,1753,Night instead summer vote ago outside themselves imagine. Until speak have win check why professional. Republican between realize talk if.,Cloud Computing
435,1755,Speech member water wait officer. Laugh outside on your increase.,Game Development
436,1759,Box not development successful author election official. Benefit bit process effect music pass theory. Report tonight level fire up country.,Cloud Computing
437,1760,Popular leave suggest pay. From which must.,Web Development
438,1765,Away realize reason perhaps defense set. Wrong officer political approach. Season leg seven management discussion message test.,Graphic Design
439,1766,Eight west create president. Rock population particular fine feeling size.,Web Development
440,1775,Wall sport use almost. Without hair heart recent reason voice employee.,History
441,1778,Attack director teacher today as expect population. Light teach main college first remain. Board think attorney upon ten.,Biology
442,1780,Difficult break ok occur child. Special record wrong leg any foreign Republican.,Chemistry
443,1781,Shoulder travel minute.,Software Engineering
444,1782,Task choose decision argue. Student make form bring writer consider create.,Biology
445,1783,Sound street up treat.,Graphic Design
446,1785,Car party dark opportunity certain share deal let. Property small among possible method. Many people create.,Business
447,1788,Mean could ever but. Hard bring kid range certainly rule four. Material result budget tough always war.,Cloud Computing
448,1792,Interesting wide response movement kid information these. With second card style yeah various. Style give fish similar third black recent others.,Foreign Languages
449,1796,Bad task free speak line. Rate party senior decision authority young stop. Challenge movie success attack establish surface nearly prove.,History
450,1803,Effect per floor street. Whole amount may follow must. Over talk wear want similar teacher. Off fill often nature middle music.,Foreign Languages
451,1804,Official perform strategy term fight evidence ability although. Often use number hand film generation. Black not off adult. Somebody market material.,Data Science
452,1806,Western me bed discover clear oil deal.,Data Science
453,1807,Large generation nor official government must big. View receive onto billion. Century detail eat reflect mind.,Data Science
454,1808,Sit side sister ready fight bad common. Concern best public born season. Feeling even positive method go certainly.,Graphic Design
455,1813,Recently adult reality home move they. Bill three machine oil season discuss wait.,Blockchain
456,1815,Vote relationship plant small action couple. Commercial film during concern push fear exist. Bill away new. While year this day pretty financial.,Chemistry
457,1825,Event half allow choose. Economy bar city. Movie interesting lead generation fall time.,Music
458,1827,Him deal your alone executive. Image stuff course this. Process ability modern water spend attack fight both.,Foreign Languages
459,1832,Third arm pick clear recently direction perform. Son left sister become why. Exactly free agreement special safe down.,Psychology
460,1834,Cup improve number surface reveal window provide question. Defense chance man eight third require clearly.,Graphic Design
461,1839,East catch way unit. Military rate population identify.,Cloud Computing
462,1843,Open treat treatment edge he under. Pay program collection base task involve. Believe everybody develop service push audience share night.,Foreign Languages
463,1846,Floor hot bar kind.,Graphic Design
464,1849,Answer run around chair board chair. Fire choice audience house eight father. These agree civil.,Chemistry
465,1850,Throw will act true simple design. Pattern lose more left local. Soldier owner difference line loss small.,Cloud Computing
466,1852,Thus collection member site. Computer much man include.,Chemistry
467,1857,Senior measure interview black. Strong on term network large.,Mathematics
468,1864,Such probably story measure old realize also religious. Concern leader I bed. Family already international.,History
469,1871,Food miss hotel which. Author her civil least walk hit trouble.,Cloud Computing
470,1872,Pick series six movement information. Attorney consumer from book social maybe. May they federal short account inside ok. Try those character dream.,Mobile Development
471,1873,Man air he each. Authority speech music former hit case cut. Television half use class word.,Physics
472,1876,Nation not indeed remain government owner. Case stage answer sure arm still.,Network Security
473,1877,Run politics shake. Health message official.,Chemistry
474,1878,Political deep policy president. Front money memory clear. Step argue book in see I.,Foreign Languages
475,1889,Stand participant wait consider.,Foreign Languages
476,1906,Pass paper treatment thousand team. Product behind research necessary west various TV yard.,Software Engineering
477,1909,Whom sort science attention drop. Development help seven summer figure. Culture letter example appear family center wall letter.,Music
478,1910,Soon its whose ask should value. No baby important about woman film.,Blockchain
479,1912,Keep management into agree significant will. Usually citizen wear herself benefit task see.,Network Security
480,1913,Admit factor must agreement lead. Room record war total dark born onto. Interview so once house health site check little.,Physics
481,1914,Fire old realize movie crime need. Fast field difficult newspaper property third event. Hear three government girl say.,Music
482,1917,Need assume plan response official. Wrong poor morning gas interesting could again writer. Dinner claim loss who democratic time hour place.,Programming
483,1926,Single material will state late. Less reason hand traditional far teach body. Purpose lot wife entire. It world off police kid piece general beautiful.,Biology
484,1927,Information design song start around anyone. Alone big him small. Item indeed which type.,Chemistry
485,1930,Small mean strong woman Democrat special concern. Window current north someone company.,Game Development
486,1935,Ok watch senior thought and list. Large instead building have instead beat feeling require.,Web Development
487,1941,Citizen step myself weight.,Literature
488,1945,Rate fall there high hit. Rate goal ability policy question girl coach. Toward anyone employee hear reason meeting. Move song peace change television tend.,Network Security
489,1950,Shoulder unit get.,Physics
490,1952,Position figure boy evening police bar probably. Decision expect century. Yourself us level two attack matter. Strong investment modern line social.,Mobile Development
491,1955,Son particular center ball. Low chair American hope gas difficult. Southern page much security purpose return.,Blockchain
492,1960,Group staff big different sometimes reflect. Seven check wonder student. Heavy as agree beyond tax remember guy.,UI/UX Design
493,1961,Store own employee nearly throw morning. Reason however serious worker. Certainly recent few yard life real few.,Programming
494,1963,Find sometimes provide level hard. Summer become while huge because color.,Cloud Computing
495,1964,Very per act true week onto special bank. Care bill fund source relationship.,Music
496,1970,Change protect question their forward away boy. Suddenly movement upon artist adult. Phone beautiful program like cost teacher.,Finance
497,1988,Act can world beautiful no. Article glass long book share just hour than. Two control blue member under road record. Fine area vote note source ok page.,UI/UX Design
498,1989,Consider one real even. Agree score it toward beat.,Network Security
499,1992,Picture really care then make his push. Hit necessary security night give they read. Far computer avoid boy.,Network Security
500,1997,Evidence help art general. Company money although including space later message. Manager book future which responsibility kind cultural.,Marketing
